{
  "mppt_pv_voltage": 6.6,
  "mppt_pv_current": 0.0,
  "mppt_pv_power": 0.0,
  "mppt_battery_soc": 99,
  "mppt_battery_voltage": 13.5,
  "mppt_battery_current": 0.0,
  "mppt_battery_power": 0.0,
  "mppt_load_voltage": 4.1,
  "mppt_load_current": 0.0,
  "mppt_load_power": 0.0,
  "mppt_internal_temp": 25.0,
  "mppt_env_temp": 19.0,
  "mppt_charge_status": "Not charging",
  "mppt_daily_pv_energy": 0.0,
  "mppt_total_pv_energy": 0.0,
  "mppt_running_days": 0,
  "mppt_status": "Standby",
  "env_co2": 1.0,
  "env_temperature": 1.0,
  "env_humidity": 60.0,
  "env_pm2_5": 0.0,
  "env_pm10": 0.0,
  "env_illumination": 0.0,
  "env_air_quality_score": 0,
  "ldr_lux": 151,
  "ldr_is_dark": false
}